{"stats":{"minecraft:used":{"minecraft:sticky_piston":1,"minecraft:redstone_block":1,"minecraft:comparator":1,"automated_crafting:auto_crafter":1,"minecraft:hopper":3},"minecraft:picked_up":{"minecraft:lever":1},"minecraft:custom":{"minecraft:jump":1,"minecraft:time_since_rest":1462,"minecraft:inspect_hopper":1,"minecraft:crouch_one_cm":1,"minecraft:play_one_minute":1462,"minecraft:leave_game":1,"minecraft:time_since_death":1462,"minecraft:walk_one_cm":3357,"minecraft:sneak_time":92}},"DataVersion":2578}