{
  "minecraft:recipes/misc/charcoal": {
    "criteria": {
      "has_log": "2020-08-26 00:30:22 -0700"
    },
    "done": true
  },
  "minecraft:recipes/building_blocks/oak_planks": {
    "criteria": {
      "has_logs": "2020-08-26 00:30:22 -0700"
    },
    "done": true
  },
  "minecraft:recipes/building_blocks/oak_wood": {
    "criteria": {
      "has_log": "2020-08-26 00:30:22 -0700"
    },
    "done": true
  },
  "minecraft:adventure/adventuring_time": {
    "criteria": {
      "minecraft:plains": "2020-08-26 00:30:22 -0700"
    },
    "done": false
  },
  "DataVersion": 2578
}