{
  "minecraft:recipes/misc/charcoal": {
    "criteria": {
      "has_log": "2020-08-26 00:47:21 -0700"
    },
    "done": true
  },
  "minecraft:recipes/building_blocks/oak_planks": {
    "criteria": {
      "has_logs": "2020-08-26 00:47:21 -0700"
    },
    "done": true
  },
  "minecraft:recipes/decorations/chest": {
    "criteria": {
      "has_lots_of_items": "2020-08-26 00:47:35 -0700"
    },
    "done": true
  },
  "minecraft:recipes/building_blocks/oak_wood": {
    "criteria": {
      "has_log": "2020-08-26 00:47:21 -0700"
    },
    "done": true
  },
  "minecraft:adventure/adventuring_time": {
    "criteria": {
      "minecraft:plains": "2020-08-26 00:47:21 -0700"
    },
    "done": false
  },
  "DataVersion": 2578
}